question,answer
"What is the best time to water crops?","The best time to water crops is early in the morning or late in the evening to minimize evaporation."
"How can I improve soil fertility?","You can improve soil fertility by adding organic matter like compost, using cover crops, and practicing crop rotation."
"What are the signs of nitrogen deficiency in plants?","Signs of nitrogen deficiency include yellowing of older leaves (chlorosis) and stunted growth."
"How do I control pests organically?","Organic pest control methods include introducing beneficial insects (like ladybugs), using neem oil, and practicing companion planting."
"What is crop rotation?","Crop rotation is the practice of growing different types of crops in the same area in sequential seasons to improve soil health and reduce pests."
"How much water does wheat need?","Wheat typically requires about 12-15 inches (300-400 mm) of water during its growing season."
"What is the ideal pH for most crops?","Most crops prefer a slightly acidic to neutral pH range of 6.0 to 7.0."
"How do I prevent soil erosion?","Soil erosion can be prevented by planting cover crops, using contour farming, and maintaining vegetative cover."
"What are the benefits of drip irrigation?","Drip irrigation saves water, reduces weed growth, and ensures water is delivered directly to the plant roots."
"When should I harvest corn?","Corn is ready to harvest when the silks turn brown and dry, and the kernels are full and milky when punctured."
"What is hydroponics?","Hydroponics is a method of growing plants without soil, using mineral nutrient solutions in a water solvent."
"How do I treat fungal diseases in crops?","Fungal diseases can be treated using fungicides, improving air circulation, and removing infected plant parts."
"What is the difference between organic and inorganic fertilizer?","Organic fertilizers come from natural sources (plants/animals) and improve soil structure, while inorganic fertilizers are synthetic and provide quick nutrients."
"Why are bees important for farming?","Bees are crucial for pollination, which helps many crops produce fruits and seeds."
"What is sustainable agriculture?","Sustainable agriculture focuses on producing food in a way that protects the environment, supports farming communities, and ensures animal welfare."
"How do I test my soil pH?","You can test soil pH using a home testing kit or by sending a sample to a local agricultural extension service."
"What crops grow best in sandy soil?","Crops like carrots, potatoes, radishes, and corn grow well in sandy soil due to good drainage."
"What is mulching?","Mulching involves covering the soil surface with organic or inorganic materials to retain moisture, suppress weeds, and regulate soil temperature."
"How do I manage weeds without chemicals?","You can manage weeds by hand weeding, mulching, using cover crops, and practicing crop rotation."
"What is the NPK ratio?","The NPK ratio represents the percentage of Nitrogen (N), Phosphorus (P), and Potassium (K) in a fertilizer."
